concurso,ano,bola_1,bola_2,bola_3,bola_4,bola_5,bola_6
2301,2020,18,36,47,52,35,17
2300,2020,37,39,21,9,54,43
2299,2020,3,40,19,60,2,44
2298,2020,13,21,49,41,17,31
2297,2020,20,22,41,59,35,40
2296,2020,29,6,36,59,21,1
2295,2020,28,6,41,26,35,13
2294,2020,9,43,20,41,33,15
2293,2020,1,48,42,10,2,37
2292,2020,18,57,6,33,42,16
2291,2020,37,31,26,12,36,49
2290,2020,60,36,5,57,44,18
2289,2020,6,34,37,38,45,9
2288,2020,35,39,2,26,56,40
2287,2020,29,4,2,41,6,56
2286,2020,42,43,41,9,21,30
2285,2020,12,10,33,7,42,1
2284,2020,46,36,12,10,4,14
2283,2020,24,4,37,43,59,60
2282,2020,30,52,12,27,36,45
2281,2020,35,40,14,55,50,27
2280,2020,50,28,58,29,59,31
2279,2020,28,12,20,5,27,14
2278,2020,34,17,37,43,8,45
2277,2020,23,10,53,60,22,37
2276,2020,49,27,5,18,57,15
2275,2020,25,50,2,53,4,36
2274,2020,8,55,40,11,33,17
2273,2020,58,15,20,16,38,40
2272,2020,5,41,11,49,24,2
2271,2020,6,10,41,52,27,28
2270,2020,41,16,48,14,38,39
2269,2020,55,14,23,29,11,1
2268,2020,4,30,52,23,13,28
2267,2020,48,49,53,20,32,33
2266,2020,23,37,59,10,58,31
2265,2020,50,20,46,23,14,39
2264,2020,29,19,8,2,37,3
2263,2020,43,49,57,33,9,24
2262,2020,7,30,46,23,8,14
2261,2020,23,26,51,27,29,7
2260,2020,37,12,14,34,35,47
2259,2020,54,56,58,20,27,41
2258,2020,26,7,1,23,14,5
2257,2020,18,30,21,31,34,51
2256,2020,9,37,30,10,54,47
2255,2020,20,15,57,49,39,41
2254,2020,47,4,24,44,56,9
2253,2020,32,39,55,33,52,31
2252,2020,46,50,1,17,37,30
2251,2020,58,22,26,15,54,5
2250,2020,39,52,27,57,58,33
2249,2020,4,49,9,31,47,53
2248,2020,20,9,42,29,30,15
2247,2020,42,53,47,1,44,48
2246,2020,9,33,46,24,27,5
2245,2020,33,11,14,34,15,18
2244,2020,11,5,42,3,34,37
2243,2020,14,38,28,18,35,54
2242,2020,24,42,18,5,25,9
2241,2020,56,18,26,13,1,40
2240,2020,25,9,7,10,58,19
2239,2020,27,39,7,31,46,45
2238,2020,57,36,11,58,55,45
2237,2020,60,27,28,20,53,11
2236,2020,7,53,43,20,45,38
2235,2020,14,55,35,30,18,57
2234,2020,47,29,42,4,27,21
2233,2020,45,35,6,41,4,32
2232,2020,31,34,38,47,7,8
2231,2020,4,13,53,40,25,57
2230,2020,39,17,56,60,26,7
2229,2020,6,41,40,29,58,11
2228,2020,19,45,39,9,23,32
2227,2020,9,6,27,32,12,57
2226,2020,2,7,38,30,4,16
2225,2020,1,37,47,44,46,32
2224,2020,23,50,58,32,52,16
2223,2020,49,26,2,56,40,42
2222,2020,14,48,30,29,59,13
2221,2020,23,34,45,57,5,56
2220,2019,38,58,35,3,40,57
2219,2019,57,59,45,8,28,36
2218,2019,16,6,38,22,52,48
2217,2019,16,32,36,30,14,10
2216,2019,24,42,48,10,43,49
2215,2019,21,23,43,1,19,33
2214,2019,18,30,4,10,34,47
2213,2019,7,5,10,60,32,46
2212,2019,51,58,53,52,26,23
2211,2019,27,44,36,54,41,40
2210,2019,11,33,34,25,24,17
2209,2019,32,22,47,28,33,25
2208,2019,30,45,16,49,25,40
2207,2019,43,11,6,55,53,10
2206,2019,42,38,45,6,27,57
2205,2019,21,42,12,57,37,28
2204,2019,32,56,29,28,1,35
2203,2019,34,46,57,50,17,49
2202,2019,43,60,37,38,29,11
2201,2019,13,49,3,41,53,23
2200,2019,28,55,36,43,11,15
2199,2019,38,23,30,44,35,15
2198,2019,56,11,34,44,36,1
2197,2019,29,11,3,35,44,57
2196,2019,56,28,27,1,41,25
2195,2019,24,32,38,53,46,14
2194,2019,16,8,20,21,34,31
2193,2019,8,7,42,27,29,22
2192,2019,57,53,7,59,16,37
2191,2019,33,46,26,4,53,8
2190,2019,53,35,25,9,5,20
2189,2019,33,29,11,4,16,22
2188,2019,60,51,21,28,2,17
2187,2019,16,21,50,10,46,11
2186,2019,27,19,12,41,18,46
2185,2019,19,42,18,47,22,9
2184,2019,51,15,52,36,59,45
2183,2019,51,13,43,30,34,26
2182,2019,59,47,46,19,39,22
2181,2019,8,1,19,48,36,33
2180,2019,16,12,10,21,28,38
2179,2019,24,2,35,54,50,13
2178,2019,16,21,42,2,50,56
2177,2019,14,9,48,11,31,51
2176,2019,23,8,25,43,39,44
2175,2019,55,53,7,32,43,25
2174,2019,36,10,34,15,60,56
2173,2019,9,48,44,42,2,50
2172,2019,9,57,43,37,28,24
2171,2019,19,12,13,36,55,44
2170,2019,36,21,51,10,24,38
2169,2019,45,7,34,59,51,54
2168,2019,37,25,29,4,1,27
2167,2019,37,45,38,43,54,27
2166,2019,44,3,34,56,19,58
2165,2019,56,49,54,43,5,37
2164,2019,48,17,58,47,16,25
2163,2019,45,20,24,36,18,8
2162,2019,11,30,42,34,16,22
2161,2019,24,10,8,44,9,42
2160,2019,53,49,1,46,47,19
2159,2019,53,35,38,14,45,26
2158,2019,9,27,46,59,35,45
2157,2019,34,48,31,39,33,35
2156,2019,49,39,23,6,26,1
2155,2019,37,44,2,27,6,47
2154,2019,53,41,47,50,7,25
2153,2019,13,28,31,8,33,32
2152,2019,49,36,29,26,59,50
2151,2019,36,38,2,29,14,18
2150,2019,38,24,23,26,42,49
2149,2019,21,48,46,23,44,37
2148,2019,59,33,8,58,32,15
2147,2019,49,42,17,19,37,41
2146,2019,39,42,16,18,44,31
2145,2019,6,59,28,8,51,53
2144,2019,21,33,55,16,7,60
2143,2019,12,58,35,51,2,57
2142,2019,44,50,52,57,7,40
2141,2019,10,19,11,37,41,17
2140,2019,20,54,36,17,42,26
2139,2019,58,29,23,41,14,57
2138,2019,30,34,4,21,13,14
2137,2019,2,1,49,11,12,34
2136,2019,35,22,11,1,30,8
2135,2019,23,48,59,28,40,9
2134,2019,54,6,46,21,59,34
2133,2019,26,20,19,51,52,57
2132,2019,5,60,18,39,35,30
2131,2019,28,18,20,6,2,3
2130,2019,13,53,16,36,55,54
2129,2019,60,46,12,6,32,31
2128,2019,24,55,46,16,11,54
2127,2019,7,46,28,30,44,1
2126,2019,58,39,27,7,24,12
2125,2019,44,1,31,53,46,58
2124,2019,31,20,47,43,2,11
2123,2019,47,59,14,56,50,15
2122,2019,27,21,3,11,15,49
2121,2019,37,8,17,29,10,40
2120,2019,38,41,20,24,25,13
2119,2019,42,49,26,31,19,21
2118,2019,41,11,12,46,20,40
2117,2019,28,43,4,29,52,30
2116,2019,21,19,1,9,34,54
2115,2019,19,40,35,44,27,4
2114,2019,35,17,30,25,42,57
2113,2019,11,21,46,14,25,50
2112,2019,17,46,43,53,52,39
2111,2019,54,41,1,46,58,44
2110,2018,25,33,10,12,18,5
2109,2018,4,16,44,49,12,34
2108,2018,44,59,29,19,41,22
2107,2018,50,44,60,38,56,8
2106,2018,27,3,39,40,36,43
2105,2018,16,46,13,11,24,31
2104,2018,12,45,10,56,2,27
2103,2018,13,40,50,46,3,44
2102,2018,6,4,17,57,34,51
2101,2018,58,56,18,8,2,37
2100,2018,1,35,13,11,10,49
2099,2018,30,15,5,58,20,27
2098,2018,2,38,27,60,18,8
2097,2018,51,28,24,49,9,45
2096,2018,11,51,6,24,13,19
2095,2018,49,29,56,43,35,16
2094,2018,4,33,16,44,19,31
2093,2018,54,34,52,8,14,27
2092,2018,13,17,27,11,15,22
2091,2018,12,11,10,59,38,37
2090,2018,11,8,18,40,37,51
2089,2018,38,48,5,49,10,32
2088,2018,24,3,27,38,14,56
2087,2018,19,18,53,34,2,23
2086,2018,4,53,35,43,47,46
2085,2018,25,49,12,21,38,37
2084,2018,20,37,26,7,39,38
2083,2018,56,33,1,19,18,60
2082,2018,25,33,42,49,6,48
2081,2018,40,42,13,18,35,41
2080,2018,58,55,46,22,40,10
2079,2018,55,37,58,14,2,1
2078,2018,30,36,2,11,39,15
2077,2018,37,13,16,26,39,35
2076,2018,6,15,43,5,12,22
2075,2018,7,9,23,33,57,59
2074,2018,42,8,18,37,58,23
2073,2018,55,12,15,30,52,18
2072,2018,22,13,10,20,12,54
2071,2018,35,46,34,60,24,33
2070,2018,5,26,42,27,48,34
2069,2018,40,3,48,17,34,35
2068,2018,5,47,40,9,42,3
2067,2018,59,2,11,32,26,13
2066,2018,27,55,35,6,25,45
2065,2018,4,11,43,20,30,37
2064,2018,55,53,14,10,36,60
2063,2018,10,19,29,24,6,25
2062,2018,8,15,34,25,10,23
2061,2018,33,45,44,40,36,54
2060,2018,11,39,41,9,25,8
2059,2018,5,4,36,56,40,44
2058,2018,19,4,23,29,59,56
2057,2018,37,38,20,13,10,54
2056,2018,29,47,22,36,34,18
2055,2018,53,43,46,25,35,6
2054,2018,39,4,7,12,26,22
2053,2018,12,27,40,37,22,55
2052,2018,57,50,56,51,58,59
2051,2018,37,5,44,1,53,6
2050,2018,33,50,38,32,8,31
2049,2018,19,10,27,31,51,53
2048,2018,10,39,38,35,26,19
2047,2018,18,19,44,54,1,29
2046,2018,27,11,6,28,46,3
2045,2018,27,46,15,25,50,45
2044,2018,14,7,60,54,47,56
2043,2018,53,58,21,38,57,56
2042,2018,33,32,22,29,35,14
2041,2018,10,12,54,42,22,25
2040,2018,56,58,54,6,41,9
2039,2018,28,22,6,31,44,12
2038,2018,26,35,40,25,6,38
2037,2018,60,30,14,45,23,16
2036,2018,23,58,8,19,27,7
2035,2018,52,35,49,30,38,36
2034,2018,7,56,22,13,6,17
2033,2018,40,10,18,33,38,43
2032,2018,19,39,20,53,14,6
2031,2018,23,39,18,55,50,37
2030,2018,38,4,58,40,27,59
2029,2018,15,37,18,33,40,6
2028,2018,7,42,58,36,24,11
2027,2018,11,15,39,37,29,44
2026,2018,51,33,23,52,31,10
2025,2018,52,56,4,24,46,55
2024,2018,29,16,20,35,47,23
2023,2018,23,56,8,7,1,6
2022,2018,28,60,52,45,4,48
2021,2018,32,37,40,60,7,14
2020,2018,2,46,57,60,48,36
2019,2018,41,46,54,59,23,52
2018,2018,55,11,27,22,25,59
2017,2018,56,10,11,2,38,24
2016,2018,11,17,48,18,4,21
2015,2018,18,58,32,39,27,17
2014,2018,46,32,16,56,40,53
2013,2018,6,36,53,30,56,23
2012,2018,11,51,36,8,35,27
2011,2018,28,35,58,54,2,32
2010,2018,18,56,8,34,39,10
2009,2018,1,48,50,44,37,46
2008,2018,27,22,58,33,59,42
2007,2018,41,14,54,4,39,58
2006,2018,20,9,1,14,54,25
2005,2018,22,19,33,11,53,34
2004,2018,45,35,1,23,5,14
2003,2018,40,50,43,28,51,34
2002,2018,59,46,28,38,4,30
2001,2018,22,20,52,60,42,36
2000,2017,6,37,34,10,3,17
1999,2017,42,38,49,15,50,37
1998,2017,57,21,24,52,25,8
1997,2017,14,7,35,1,31,46
1996,2017,56,21,20,7,40,24
1995,2017,14,37,39,26,35,29
1994,2017,44,5,32,2,12,40
1993,2017,50,57,48,17,6,33
1992,2017,21,11,13,53,54,5
1991,2017,19,34,44,36,20,28
1990,2017,37,26,11,24,59,34
1989,2017,40,58,30,32,15,22
1988,2017,5,39,10,54,46,42
1987,2017,10,58,14,45,31,34
1986,2017,55,23,44,43,36,56
1985,2017,9,36,29,28,34,55
1984,2017,43,32,21,50,35,29
1983,2017,14,22,6,5,10,36
1982,2017,46,24,20,4,50,14
1981,2017,15,6,39,19,37,53
1980,2017,18,16,12,34,37,17
1979,2017,38,23,45,32,29,22
1978,2017,6,2,57,22,55,44
1977,2017,28,3,32,34,37,16
1976,2017,52,14,19,12,59,25
1975,2017,8,24,47,26,11,57
1974,2017,19,57,38,54,4,27
1973,2017,17,16,60,12,52,1
1972,2017,20,9,59,54,16,57
1971,2017,54,10,52,41,44,4
1970,2017,10,18,24,5,39,52
1969,2017,30,59,20,32,8,48
1968,2017,35,48,44,39,36,52
1967,2017,32,39,13,54,30,46
1966,2017,19,10,32,60,13,40
1965,2017,28,26,55,38,48,35
1964,2017,32,27,48,36,2,50
1963,2017,34,60,5,4,7,42
1962,2017,39,5,6,53,15,25
1961,2017,50,30,25,17,32,26
1960,2017,43,39,18,25,37,1
1959,2017,56,43,21,8,27,35
1958,2017,55,34,22,20,24,15
1957,2017,23,47,29,2,14,22
1956,2017,20,40,28,5,8,45
1955,2017,15,41,45,33,36,27
1954,2017,40,9,49,25,35,33
1953,2017,45,29,42,9,43,26
1952,2017,9,21,53,36,52,38
1951,2017,55,14,16,21,33,19
1950,2017,32,21,10,48,34,57
1949,2017,30,1,14,56,22,6
1948,2017,28,33,20,24,57,12
1947,2017,52,59,55,40,8,33
1946,2017,6,39,4,44,52,60
1945,2017,8,54,21,10,45,4
1944,2017,8,57,47,39,9,59
1943,2017,43,11,39,9,30,12
1942,2017,48,20,43,18,6,24
1941,2017,38,1,9,48,49,24
1940,2017,36,16,9,47,13,17
1939,2017,39,29,24,52,7,45
1938,2017,10,54,42,16,40,32
1937,2017,10,29,24,43,6,55
1936,2017,51,40,52,24,12,3
1935,2017,24,17,10,1,3,23
1934,2017,56,39,35,8,23,59
1933,2017,15,19,35,59,14,2
1932,2017,55,21,16,44,29,10
1931,2017,34,8,2,15,9,22
1930,2017,17,56,37,52,18,4
1929,2017,10,52,23,36,3,43
1928,2017,28,51,59,26,53,10
1927,2017,11,5,30,31,13,19
1926,2017,46,3,2,30,14,20
1925,2017,47,43,38,1,17,45
1924,2017,16,52,53,58,30,12
1923,2017,46,34,59,45,9,42
1922,2017,20,41,22,36,43,38
1921,2017,19,10,16,15,28,35
1920,2017,39,45,31,25,43,33
1919,2017,60,28,54,37,45,11
1918,2017,22,17,50,38,20,16
1917,2017,4,36,25,21,46,33
1916,2017,3,50,18,23,9,52
1915,2017,57,21,2,33,20,48
1914,2017,39,33,29,16,44,42
1913,2017,14,56,52,17,4,43
1912,2017,42,10,33,36,13,35
1911,2017,32,16,33,23,18,30
1910,2017,9,6,39,15,22,48
1909,2017,47,43,45,40,57,11
1908,2017,10,27,57,13,23,4
1907,2017,3,48,44,35,25,38
1906,2017,27,40,33,6,39,60
1905,2017,43,54,29,57,35,56
1904,2017,21,18,56,15,51,12
1903,2017,9,43,10,15,45,28
1902,2017,25,18,2,21,9,7
1901,2017,30,53,26,11,37,12
1900,2017,46,11,8,43,28,27
1899,2017,48,35,44,23,36,20
1898,2017,53,12,58,55,34,45
1897,2017,52,9,58,47,22,25
1896,2017,25,6,14,21,3,15
1895,2017,3,5,2,34,10,15
1894,2017,31,35,57,54,21,53
1893,2017,17,58,45,19,28,16
1892,2017,50,22,6,37,30,17
1891,2017,47,1,3,19,23,58
1890,2016,5,24,51,22,11,53
1889,2016,30,25,23,44,28,16
1888,2016,48,1,18,45,17,10
1887,2016,23,56,41,46,34,11
1886,2016,7,40,54,15,3,45
1885,2016,59,7,18,23,32,14
1884,2016,38,1,32,4,23,59
1883,2016,28,59,16,47,27,60
1882,2016,41,35,37,10,19,9
1881,2016,30,10,53,44,3,56
1880,2016,19,51,56,16,5,37
1879,2016,20,58,10,59,57,5
1878,2016,56,26,40,16,57,12
1877,2016,35,13,32,16,24,23
1876,2016,7,18,51,41,44,39
1875,2016,53,45,47,1,52,55
1874,2016,43,28,10,37,47,44
1873,2016,25,5,53,28,41,54
1872,2016,39,11,56,46,13,25
1871,2016,17,58,33,52,11,3
1870,2016,30,40,33,18,20,32
1869,2016,11,26,24,52,40,23
1868,2016,25,5,31,1,28,23
1867,2016,3,43,21,17,22,10
1866,2016,14,36,60,38,17,44
1865,2016,42,5,32,37,1,31
1864,2016,5,4,37,40,60,14
1863,2016,23,45,16,58,59,56
1862,2016,8,49,35,42,56,2
1861,2016,45,9,60,2,35,4
1860,2016,10,40,30,44,36,60
1859,2016,13,26,1,21,14,51
1858,2016,55,30,28,59,33,22
1857,2016,53,35,52,25,23,13
1856,2016,14,9,2,32,22,37
1855,2016,6,38,24,39,15,10
1854,2016,59,30,43,31,34,25
1853,2016,2,41,39,1,34,45
1852,2016,29,13,49,50,45,17
1851,2016,35,22,8,37,21,18
1850,2016,24,32,23,40,41,38
1849,2016,35,27,3,11,44,5
1848,2016,58,41,50,40,9,55
1847,2016,45,1,57,49,50,6
1846,2016,49,26,30,34,24,6
1845,2016,9,3,29,13,30,51
1844,2016,4,3,37,39,48,50
1843,2016,28,26,33,41,8,54
1842,2016,18,43,22,24,16,34
1841,2016,6,51,13,38,49,3
1840,2016,33,41,48,15,17,47
1839,2016,28,32,22,56,58,7
1838,2016,59,24,30,8,57,5
1837,2016,41,48,57,50,44,54
1836,2016,59,18,45,60,8,15
1835,2016,50,36,8,28,47,58
1834,2016,2,22,51,24,48,17
1833,2016,2,42,3,27,16,7
1832,2016,34,47,57,56,14,46
1831,2016,55,15,48,32,28,27
1830,2016,29,3,54,7,37,60
1829,2016,53,32,30,7,24,13
1828,2016,40,32,11,6,59,48
1827,2016,43,33,53,26,54,42
1826,2016,43,48,32,19,17,51
1825,2016,21,54,10,50,51,11
1824,2016,19,30,60,12,6,5
1823,2016,54,34,59,21,9,4
1822,2016,22,53,26,1,43,50
1821,2016,53,31,19,52,36,22
1820,2016,27,19,23,3,45,40
1819,2016,37,26,18,30,33,17
1818,2016,10,53,15,2,6,56
1817,2016,47,1,26,55,39,4
1816,2016,12,10,46,28,22,5
1815,2016,60,8,25,39,41,11
1814,2016,53,51,27,11,46,9
1813,2016,51,9,13,15,19,11
1812,2016,45,34,23,20,37,32
1811,2016,32,37,5,35,17,57
1810,2016,56,10,43,50,1,25
1809,2016,23,12,54,46,9,24
1808,2016,20,25,45,2,41,14
1807,2016,43,15,22,1,16,25
1806,2016,11,42,55,58,35,20
1805,2016,17,49,27,22,57,31
1804,2016,20,50,48,59,28,21
1803,2016,4,29,8,49,38,50
1802,2016,6,14,2,17,44,13
1801,2016,19,45,43,6,54,34
1800,2016,31,56,16,6,11,19
1799,2016,53,1,3,4,51,39
1798,2016,9,28,45,2,23,53
1797,2016,2,57,35,13,54,14
1796,2016,54,22,48,34,23,53
1795,2016,55,50,42,58,47,30
1794,2016,1,5,37,60,34,40
1793,2016,56,13,22,54,14,58
1792,2016,47,41,18,17,2,16
1791,2016,55,12,50,18,53,46
1790,2016,28,13,11,26,50,27
1789,2016,57,59,6,25,43,58
1788,2016,42,45,56,13,3,59
1787,2016,1,29,13,25,5,26
1786,2016,34,8,2,21,25,6
1785,2016,27,5,42,54,41,11
1784,2016,30,15,54,55,26,4
1783,2016,38,16,21,4,18,6
1782,2016,34,57,47,18,6,52
1781,2016,22,8,52,1,53,49
1780,2016,20,6,33,22,31,34
1779,2016,25,56,30,12,39,57
1778,2016,4,38,48,10,45,40
1777,2016,55,4,44,38,19,52
1776,2016,39,11,48,14,19,10
1775,2015,31,2,51,42,18,56
1774,2015,1,52,30,60,20,12
1773,2015,45,41,39,30,15,59
1772,2015,27,39,19,41,12,45
1771,2015,38,2,27,28,32,20
1770,2015,34,30,41,11,27,26
1769,2015,32,44,54,60,47,37
1768,2015,35,11,7,50,34,5
1767,2015,44,26,39,35,16,45
1766,2015,60,23,22,46,53,41
1765,2015,1,28,56,37,6,58
1764,2015,6,7,41,39,29,55
1763,2015,21,9,15,36,12,31
1762,2015,45,59,42,55,32,26
1761,2015,53,36,10,9,50,55
1760,2015,25,10,24,47,48,36
1759,2015,2,14,21,60,22,51
1758,2015,6,23,16,11,42,36
1757,2015,43,13,28,56,37,25
1756,2015,28,13,6,14,45,35
1755,2015,48,5,30,18,8,2
1754,2015,20,31,40,30,27,53
1753,2015,54,8,45,29,35,15
1752,2015,36,53,55,37,60,9
1751,2015,42,22,51,23,57,15
1750,2015,17,41,48,15,20,31
1749,2015,33,13,14,3,43,29
1748,2015,2,53,13,49,10,41
1747,2015,53,34,59,33,48,6
1746,2015,37,40,6,58,41,18
1745,2015,13,47,60,18,52,9
1744,2015,12,9,56,29,14,42
1743,2015,34,31,29,4,10,35
1742,2015,23,27,21,19,52,11
1741,2015,49,18,20,32,15,48
1740,2015,38,15,47,25,10,53
1739,2015,34,17,9,46,10,32
1738,2015,53,46,28,48,37,12
1737,2015,59,5,51,42,50,8
1736,2015,13,32,12,41,24,29
1735,2015,46,16,33,45,34,6
1734,2015,52,29,17,41,12,25
1733,2015,5,9,41,14,3,46
1732,2015,25,60,34,53,45,38
1731,2015,59,49,43,5,27,18
1730,2015,1,24,10,17,42,51
1729,2015,53,14,44,7,23,43
1728,2015,28,39,8,59,42,3
1727,2015,4,6,41,40,19,20
1726,2015,42,54,57,3,49,10
1725,2015,26,31,30,18,16,34
1724,2015,27,39,37,58,60,33
1723,2015,27,60,30,14,46,52
1722,2015,41,39,9,49,23,58
1721,2015,12,33,4,38,36,19
1720,2015,49,39,18,31,57,23
1719,2015,44,22,31,54,34,1
1718,2015,30,53,4,31,47,32
1717,2015,9,58,16,44,2,37
1716,2015,25,36,2,53,42,41
1715,2015,20,16,35,40,60,53
1714,2015,51,2,24,52,36,8
1713,2015,3,29,10,16,23,27
1712,2015,50,19,59,2,29,12
1711,2015,38,22,50,45,26,39
1710,2015,59,56,7,28,21,58
1709,2015,30,7,47,35,19,42
1708,2015,38,50,29,45,17,32
1707,2015,36,27,20,7,16,52
1706,2015,12,31,34,48,36,56
1705,2015,50,37,51,27,29,25
1704,2015,11,7,59,51,32,1
1703,2015,49,3,35,39,23,26
1702,2015,39,52,17,35,19,33
1701,2015,9,3,18,40,32,56
1700,2015,58,41,48,50,15,18
1699,2015,1,10,30,33,38,6
1698,2015,24,44,28,13,45,11
1697,2015,8,30,23,51,53,58
1696,2015,12,1,31,37,17,46
1695,2015,36,43,38,24,58,44
1694,2015,34,29,20,37,57,45
1693,2015,19,18,38,5,21,15
1692,2015,44,56,13,14,27,11
1691,2015,39,45,58,10,1,24
1690,2015,24,45,53,35,26,21
1689,2015,41,2,53,5,13,27
1688,2015,18,23,42,56,32,30
1687,2015,15,58,24,37,46,49
1686,2015,44,37,9,55,14,46
1685,2015,39,46,18,51,31,3
1684,2015,9,12,31,50,18,39
1683,2015,48,4,12,34,32,33
1682,2015,13,39,51,37,35,7
1681,2015,1,33,8,11,6,50
1680,2015,37,46,47,51,23,38
1679,2015,28,2,1,46,27,47
1678,2015,35,52,17,19,9,11
1677,2015,52,33,15,28,51,10
1676,2015,2,1,37,51,48,11
1675,2015,36,3,35,56,18,34
1674,2015,42,59,30,58,50,22
1673,2015,35,10,47,5,24,23
1672,2015,20,10,1,5,42,3
1671,2015,21,31,56,55,45,27
1670,2015,1,33,30,17,47,19
1669,2015,29,28,31,48,45,49
1668,2015,47,40,55,57,52,5
1667,2015,51,24,56,7,12,44
1666,2015,51,27,1,23,45,2
1665,2014,20,11,16,1,56,5
1664,2014,48,8,21,36,23,29
1663,2014,20,27,49,40,55,18
1662,2014,57,10,25,14,33,29
1661,2014,16,48,43,27,58,13
1660,2014,17,38,42,51,34,8
1659,2014,20,33,37,49,4,10
1658,2014,7,40,19,49,11,23
1657,2014,10,54,37,45,14,7
1656,2014,6,4,43,54,56,11
1655,2014,56,46,7,24,28,53
1654,2014,50,33,42,7,58,16
1653,2014,45,22,27,21,1,32
1652,2014,44,28,24,57,7,26
1651,2014,27,44,8,35,38,41
1650,2014,23,57,29,17,60,38
1649,2014,54,33,24,44,38,42
1648,2014,48,18,15,22,20,16
1647,2014,38,54,23,12,17,53
1646,2014,34,23,41,19,40,58
1645,2014,31,37,21,38,8,18
1644,2014,10,16,34,13,60,22
1643,2014,19,20,16,60,28,37
1642,2014,47,3,43,42,60,23
1641,2014,51,30,29,33,46,23
1640,2014,6,18,46,23,31,2
1639,2014,35,51,34,49,16,29
1638,2014,38,2,42,58,41,1
1637,2014,5,56,24,55,1,47
1636,2014,33,19,52,51,35,26
1635,2014,30,32,51,8,28,23
1634,2014,44,9,33,10,23,51
1633,2014,2,11,49,13,36,1
1632,2014,18,56,27,6,24,59
1631,2014,47,48,44,60,4,29
1630,2014,30,43,7,44,1,54
1629,2014,47,20,35,4,59,24
1628,2014,38,26,60,34,29,50
1627,2014,26,57,20,32,45,41
1626,2014,3,52,5,43,35,14
1625,2014,45,11,22,52,36,40
1624,2014,32,2,27,47,58,41
1623,2014,33,56,59,43,50,49
1622,2014,21,7,5,53,45,4
1621,2014,24,22,38,49,10,39
1620,2014,57,23,38,13,34,27
1619,2014,46,17,5,42,47,8
1618,2014,9,51,20,24,52,43
1617,2014,23,31,47,54,3,26
1616,2014,46,40,58,31,28,42
1615,2014,26,20,5,44,33,31
1614,2014,49,27,43,17,14,21
1613,2014,31,18,4,46,44,49
1612,2014,17,51,36,6,42,13
1611,2014,24,51,50,28,58,47
1610,2014,36,53,35,9,1,4
1609,2014,2,26,6,13,53,60
1608,2014,6,43,17,5,54,59
1607,2014,32,41,51,7,31,52
1606,2014,54,1,15,37,46,42
1605,2014,42,30,9,19,31,21
1604,2014,21,40,51,27,24,2
1603,2014,13,53,20,31,60,27
1602,2014,8,44,40,35,22,12
1601,2014,60,24,56,45,10,8
1600,2014,9,46,23,32,35,57
1599,2014,35,10,15,58,36,3
1598,2014,36,47,42,29,53,31
1597,2014,16,52,5,44,10,50
1596,2014,5,12,1,7,45,10
1595,2014,59,5,42,8,46,2
1594,2014,53,43,23,6,7,8
1593,2014,4,17,38,9,18,21
1592,2014,41,49,36,42,31,38
1591,2014,4,23,55,10,38,33
1590,2014,40,7,44,55,34,20
1589,2014,11,41,51,5,19,4
1588,2014,36,29,23,49,32,45
1587,2014,8,21,19,30,52,56
1586,2014,47,58,8,43,39,46
1585,2014,55,47,43,48,49,2
1584,2014,27,54,28,50,22,3
1583,2014,18,2,9,47,17,45
1582,2014,4,17,1,48,13,38
1581,2014,31,34,15,14,25,30
1580,2014,1,6,14,17,33,36
1579,2014,34,25,40,51,60,49
1578,2014,6,53,56,30,37,3
1577,2014,25,32,11,59,51,14
1576,2014,26,30,21,15,13,46
1575,2014,1,5,4,45,14,56
1574,2014,6,28,33,48,46,27
1573,2014,7,16,36,35,38,21
1572,2014,46,42,27,45,20,47
1571,2014,46,60,55,32,3,29
1570,2014,18,46,42,15,56,24
1569,2014,42,15,18,31,5,53
1568,2014,28,58,19,24,42,25
1567,2014,53,38,30,2,15,48
1566,2014,11,32,60,5,6,36
1565,2014,43,41,37,51,18,39
1564,2014,54,44,38,25,46,53
1563,2014,43,36,1,20,13,6
1562,2014,12,10,51,37,23,47
1561,2014,28,26,54,55,23,60
1560,2013,30,47,53,38,20,36
1559,2013,37,58,12,29,8,16
1558,2013,31,42,15,7,17,54
1557,2013,46,18,16,45,31,4
1556,2013,7,52,11,10,1,4
1555,2013,5,52,59,2,33,23
1554,2013,30,52,50,49,53,32
1553,2013,29,21,20,46,22,60
1552,2013,7,18,26,46,39,24
1551,2013,2,23,38,15,21,19
1550,2013,21,56,36,9,13,27
1549,2013,32,53,16,20,12,10
1548,2013,44,41,42,54,47,19
1547,2013,28,21,9,10,2,18
1546,2013,38,44,17,60,4,53
1545,2013,6,48,11,45,4,24
1544,2013,30,50,45,2,35,21
1543,2013,30,7,23,20,15,41
1542,2013,7,12,57,11,30,39
1541,2013,37,5,24,44,49,58
1540,2013,54,47,27,17,3,32
1539,2013,10,49,8,58,20,26
1538,2013,35,52,27,53,57,23
1537,2013,6,56,33,50,51,10
1536,2013,18,32,29,13,50,58
1535,2013,55,25,9,8,54,41
1534,2013,28,12,34,29,1,48
1533,2013,29,21,47,57,13,34
1532,2013,42,2,11,23,31,44
1531,2013,24,41,12,42,44,13
1530,2013,53,10,28,16,48,33
1529,2013,35,17,15,34,49,11
1528,2013,4,13,58,36,19,15
1527,2013,32,44,42,48,16,36
1526,2013,51,47,28,10,59,16
1525,2013,30,46,35,54,26,2
1524,2013,40,53,12,46,2,52
1523,2013,25,39,44,41,31,22
1522,2013,33,5,23,32,8,56
1521,2013,18,30,14,11,33,39
1520,2013,36,46,48,31,7,35
1519,2013,6,23,56,15,5,59
1518,2013,28,8,55,41,48,9
1517,2013,45,38,52,17,7,56
1516,2013,34,60,18,45,4,20
1515,2013,59,49,13,18,4,14
1514,2013,23,16,17,59,42,60
1513,2013,31,57,17,56,28,58
1512,2013,35,11,28,46,42,58
1511,2013,8,29,31,4,17,45
1510,2013,1,8,44,17,46,53
1509,2013,27,51,1,46,59,6
1508,2013,58,39,18,17,35,30
1507,2013,46,24,51,50,56,52
1506,2013,49,34,42,18,3,14
1505,2013,32,1,6,9,16,2
1504,2013,41,2,42,30,12,10
1503,2013,36,22,42,3,16,4
1502,2013,6,43,22,52,57,51
1501,2013,13,37,54,7,29,1
1500,2013,57,43,18,59,10,31
1499,2013,26,37,8,22,54,33
1498,2013,11,46,27,49,6,40
1497,2013,58,7,27,45,4,5
1496,2013,28,18,41,54,14,47
1495,2013,13,49,4,44,14,57
1494,2013,50,28,35,24,2,14
1493,2013,30,24,12,49,7,27
1492,2013,48,44,46,4,18,9
1491,2013,56,6,45,60,26,50
1490,2013,31,32,43,3,52,1
1489,2013,48,15,24,28,1,26
1488,2013,4,51,45,22,38,25
1487,2013,4,17,23,28,9,53
1486,2013,10,1,34,54,6,40
1485,2013,30,59,27,36,4,54
1484,2013,49,29,17,53,20,24
1483,2013,55,53,1,35,56,39
1482,2013,11,9,6,34,41,53
1481,2013,40,27,55,17,28,44
1480,2013,9,14,26,36,52,21
1479,2013,57,21,54,48,50,60
1478,2013,10,40,27,47,55,37
1477,2013,50,59,56,46,3,4
1476,2013,26,10,4,37,47,57
1475,2013,13,12,51,37,48,44
1474,2013,2,43,11,1,3,28
1473,2013,60,12,57,58,33,2
1472,2013,12,23,25,18,45,50
1471,2013,58,33,36,40,25,10
1470,2013,2,34,51,36,38,55
1469,2013,4,56,54,13,35,58
1468,2013,2,20,37,19,1,10
1467,2013,41,53,26,23,52,24
1466,2013,4,13,51,37,6,34
1465,2013,11,6,53,44,16,26
1464,2013,59,2,54,32,24,50
1463,2013,40,22,13,29,48,28
1462,2013,5,9,25,40,38,27
1461,2013,44,31,49,54,36,47
1460,2013,50,52,14,4,27,38
1459,2013,2,6,35,30,52,34
1458,2013,2,16,4,44,33,51
1457,2013,34,16,46,15,42,59
1456,2013,36,6,40,14,8,26
1455,2012,33,14,52,36,32,41
1454,2012,27,52,41,29,4,48
1453,2012,47,32,25,57,6,13
1452,2012,50,57,58,28,2,14
1451,2012,57,10,33,2,11,52
1450,2012,27,45,44,26,38,31
1449,2012,2,18,30,56,52,6
1448,2012,25,29,36,1,56,60
1447,2012,1,41,28,33,39,19
1446,2012,13,32,6,51,40,24
1445,2012,41,32,19,58,5,49
1444,2012,2,5,55,28,27,48
1443,2012,52,32,12,54,20,48
1442,2012,12,20,13,49,34,30
1441,2012,56,29,53,36,38,17
1440,2012,6,28,56,2,36,51
1439,2012,35,55,2,43,34,42
1438,2012,49,7,33,31,36,14
1437,2012,48,37,26,22,38,23
1436,2012,1,23,13,30,24,57
1435,2012,45,47,50,52,15,4
1434,2012,3,34,58,22,18,55
1433,2012,14,46,40,13,4,52
1432,2012,16,24,25,45,59,42
1431,2012,33,54,40,5,9,13
1430,2012,19,2,30,46,22,52
1429,2012,9,22,60,48,12,39
1428,2012,15,55,37,34,19,7
1427,2012,47,44,53,56,8,39
1426,2012,24,44,6,15,18,30
1425,2012,7,29,50,16,38,36
1424,2012,60,38,29,3,7,15
1423,2012,43,8,21,27,3,25
1422,2012,17,44,2,5,13,39
1421,2012,31,39,59,19,53,44
1420,2012,45,16,18,11,36,2
1419,2012,52,21,48,58,30,17
1418,2012,7,8,10,27,12,56
1417,2012,12,56,5,52,45,59
1416,2012,49,3,19,35,22,24
1415,2012,51,49,46,40,36,26
1414,2012,44,49,57,37,21,46
1413,2012,54,33,13,55,45,15
1412,2012,6,8,37,24,45,41
1411,2012,32,44,12,8,48,46
1410,2012,54,29,18,42,40,50
1409,2012,50,6,47,58,26,19
1408,2012,43,39,20,19,24,4
1407,2012,53,42,31,43,29,18
1406,2012,7,10,38,17,24,57
1405,2012,14,17,32,37,39,3
1404,2012,7,32,31,51,27,8
1403,2012,16,39,13,26,42,20
1402,2012,38,10,27,2,21,9
1401,2012,12,11,54,33,48,25
1400,2012,34,26,9,43,54,53
1399,2012,39,43,60,57,34,56
1398,2012,42,51,14,40,32,33
1397,2012,15,56,3,27,4,7
1396,2012,52,48,54,58,55,29
1395,2012,5,44,11,19,17,48
1394,2012,11,35,16,46,24,50
1393,2012,44,28,18,24,4,39
1392,2012,43,8,2,28,33,12
1391,2012,19,7,12,34,53,40
1390,2012,29,27,19,4,28,31
1389,2012,1,44,39,16,57,28
1388,2012,54,31,50,43,29,22
1387,2012,43,27,18,52,50,32
1386,2012,39,56,28,12,51,38
1385,2012,42,37,35,27,59,36
1384,2012,56,18,31,2,30,45
1383,2012,9,55,23,44,7,46
1382,2012,17,27,55,13,5,16
1381,2012,44,30,27,11,40,57
1380,2012,52,14,3,60,57,55
1379,2012,45,5,36,12,50,58
1378,2012,18,17,59,2,54,5
1377,2012,25,5,13,12,35,2
1376,2012,53,49,21,11,54,9
1375,2012,25,28,53,45,14,58
1374,2012,21,33,28,31,43,6
1373,2012,52,39,7,27,55,57
1372,2012,46,60,58,36,40,3
1371,2012,47,11,8,49,3,4
1370,2012,2,27,59,49,4,5
1369,2012,32,24,16,38,5,46
1368,2012,10,26,29,38,32,21
1367,2012,38,29,43,13,7,2
1366,2012,59,44,54,37,27,12
1365,2012,50,35,32,26,2,24
1364,2012,20,13,40,10,53,44
1363,2012,52,25,42,45,35,57
1362,2012,58,19,12,22,2,36
1361,2012,37,27,44,30,38,23
1360,2012,50,25,17,16,54,2
1359,2012,12,17,28,53,6,10
1358,2012,16,15,37,3,35,47
1357,2012,55,52,26,19,1,24
1356,2012,21,46,6,22,13,31
1355,2012,39,49,11,24,17,46
1354,2012,2,42,8,49,48,38
1353,2012,47,11,3,27,32,13
1352,2012,35,59,36,9,18,24
1351,2012,13,50,41,36,56,33
1350,2011,4,36,29,55,45,3
1349,2011,9,19,20,50,60,51
1348,2011,38,45,39,7,12,56
1347,2011,19,45,54,56,46,9
1346,2011,59,47,32,48,40,12
1345,2011,50,40,26,7,19,17
1344,2011,19,42,8,36,21,59
1343,2011,51,31,42,20,56,19
1342,2011,5,60,46,42,50,7
1341,2011,11,40,37,20,1,52
1340,2011,36,21,13,59,60,30
1339,2011,59,10,16,14,7,54
1338,2011,19,33,18,43,60,1
1337,2011,38,2,45,35,20,51
1336,2011,51,54,32,1,38,47
1335,2011,49,3,51,20,22,14
1334,2011,8,25,27,6,10,1
1333,2011,25,51,26,42,28,33
1332,2011,5,13,3,24,35,59
1331,2011,24,46,39,57,26,9
1330,2011,48,8,21,18,49,30
1329,2011,43,50,8,7,39,11
1328,2011,43,27,59,53,23,10
1327,2011,41,35,36,16,52,54
1326,2011,30,19,10,18,50,11
1325,2011,35,2,20,43,5,16
1324,2011,29,44,51,31,18,57
1323,2011,25,37,15,6,48,55
1322,2011,55,43,21,10,47,53
1321,2011,51,59,47,10,60,53
1320,2011,38,17,55,41,24,25
1319,2011,16,4,18,27,5,51
1318,2011,34,46,14,28,11,16
1317,2011,35,29,37,13,6,30
1316,2011,48,34,25,42,13,8
1315,2011,27,29,1,50,52,38
1314,2011,42,44,52,58,60,38
1313,2011,39,26,49,1,4,43
1312,2011,28,30,29,22,20,5
1311,2011,54,7,19,12,45,9
1310,2011,14,8,53,9,59,32
1309,2011,7,12,25,26,32,39
1308,2011,24,33,7,30,47,8
1307,2011,10,47,54,7,43,32
1306,2011,45,6,19,34,43,22
1305,2011,44,11,5,46,36,3
1304,2011,35,23,15,7,20,14
1303,2011,19,51,54,8,52,46
1302,2011,44,15,56,2,10,57
1301,2011,16,25,3,51,23,56
1300,2011,46,43,59,54,44,53
1299,2011,56,32,8,22,43,53
1298,2011,60,14,53,30,15,55
1297,2011,2,56,11,5,59,13
1296,2011,49,43,14,10,53,46
1295,2011,20,2,43,15,5,57
1294,2011,6,50,4,48,29,51
1293,2011,24,50,1,44,13,40
1292,2011,30,31,23,9,54,11
1291,2011,18,57,58,40,47,54
1290,2011,14,50,3,23,2,34
1289,2011,13,8,27,1,3,52
1288,2011,42,32,56,40,30,17
1287,2011,33,42,12,31,11,52
1286,2011,5,52,2,33,51,28
1285,2011,33,10,15,38,31,28
1284,2011,26,21,20,36,31,29
1283,2011,59,8,60,44,40,30
1282,2011,4,39,56,23,52,55
1281,2011,36,14,30,38,11,8
1280,2011,29,6,54,10,20,16
1279,2011,8,29,36,35,14,40
1278,2011,4,16,24,56,25,30
1277,2011,50,59,18,31,60,12
1276,2011,9,40,5,22,36,11
1275,2011,58,55,14,2,60,48
1274,2011,13,59,21,17,40,39
1273,2011,60,26,19,58,13,40
1272,2011,28,27,13,35,26,52
1271,2011,2,52,39,59,48,1
1270,2011,31,33,24,5,42,9
1269,2011,51,5,27,4,15,17
1268,2011,17,53,60,44,16,3
1267,2011,47,58,4,41,20,30
1266,2011,39,6,42,10,60,33
1265,2011,13,50,46,24,60,19
1264,2011,56,17,37,51,4,36
1263,2011,41,53,18,4,36,26
1262,2011,11,39,9,5,8,7
1261,2011,10,41,14,22,53,42
1260,2011,19,23,31,53,29,41
1259,2011,39,54,58,46,4,6
1258,2011,47,26,11,57,59,55
1257,2011,27,15,30,52,26,2
1256,2011,26,38,33,35,53,43
1255,2011,23,5,54,39,38,51
1254,2011,9,29,18,7,14,39
1253,2011,2,51,17,44,43,23
1252,2011,35,2,51,14,49,39
1251,2011,48,27,34,52,46,5
1250,2011,59,1,2,40,51,24
1249,2011,3,40,8,53,51,36
1248,2011,20,33,58,34,57,60
1247,2011,9,11,24,3,51,36
1246,2011,59,10,37,57,40,43
1245,2010,34,10,37,50,43,2
1244,2010,45,8,34,15,2,25
1243,2010,32,19,23,57,9,29
1242,2010,54,45,51,11,34,48
1241,2010,13,26,25,10,28,45
1240,2010,22,42,49,8,12,9
1239,2010,15,1,48,37,39,52
1238,2010,40,45,24,14,13,39
1237,2010,26,21,39,5,18,59
1236,2010,17,20,38,8,53,3
1235,2010,16,49,55,20,10,26
1234,2010,3,5,24,19,30,35
1233,2010,49,22,59,29,32,54
1232,2010,12,18,15,8,11,22
1231,2010,20,27,49,5,23,39
1230,2010,37,35,12,22,19,9
1229,2010,12,49,60,32,30,40
1228,2010,36,10,60,52,50,23
1227,2010,35,31,4,30,54,28
1226,2010,31,55,56,50,40,10
1225,2010,32,55,34,31,50,40
1224,2010,41,19,57,53,21,27
1223,2010,17,15,48,42,35,47
1222,2010,26,19,48,57,5,8
1221,2010,46,5,58,37,14,43
1220,2010,48,55,52,43,5,15
1219,2010,34,37,41,53,2,33
1218,2010,33,23,29,46,10,31
1217,2010,5,43,28,15,11,50
1216,2010,7,25,4,58,13,27
1215,2010,47,51,10,50,30,25
1214,2010,5,41,29,36,30,48
1213,2010,3,53,45,11,34,26
1212,2010,35,50,2,23,33,40
1211,2010,36,54,3,31,15,48
1210,2010,3,7,9,10,31,34
1209,2010,30,17,38,14,5,35
1208,2010,45,12,1,26,54,20
1207,2010,32,35,22,9,56,11
1206,2010,2,11,37,36,48,6
1205,2010,14,4,26,35,29,13
1204,2010,10,25,5,39,52,43
1203,2010,55,30,33,9,7,38
1202,2010,9,60,11,53,48,8
1201,2010,36,32,55,49,60,28
1200,2010,10,3,39,54,56,11
1199,2010,58,28,23,39,16,19
1198,2010,29,22,36,58,41,48
1197,2010,39,54,36,37,60,49
1196,2010,60,3,20,19,58,6
1195,2010,27,17,57,26,55,20
1194,2010,24,53,41,6,13,50
1193,2010,12,54,2,32,14,9
1192,2010,49,17,20,59,57,52
1191,2010,25,22,11,16,33,3
1190,2010,11,53,56,37,10,19
1189,2010,50,21,14,35,31,27
1188,2010,60,52,59,9,44,20
1187,2010,8,49,43,17,40,19
1186,2010,41,12,15,7,13,8
1185,2010,54,10,2,43,21,35
1184,2010,4,23,27,28,9,30
1183,2010,12,5,10,20,29,37
1182,2010,52,29,56,60,2,4
1181,2010,44,18,45,31,26,20
1180,2010,60,12,34,30,44,57
1179,2010,59,28,47,60,22,5
1178,2010,1,53,22,50,45,30
1177,2010,33,52,55,47,38,50
1176,2010,21,11,49,14,33,30
1175,2010,2,3,12,37,47,16
1174,2010,7,52,6,51,47,39
1173,2010,7,25,24,36,5,47
1172,2010,28,52,6,43,12,56
1171,2010,41,3,10,30,57,13
1170,2010,46,11,27,34,49,13
1169,2010,14,1,11,23,42,48
1168,2010,47,20,4,56,53,5
1167,2010,43,28,56,20,52,51
1166,2010,35,28,54,30,22,31
1165,2010,20,52,60,42,54,40
1164,2010,17,6,14,40,49,26
1163,2010,5,51,31,53,47,17
1162,2010,31,25,18,41,22,30
1161,2010,48,47,7,4,42,51
1160,2010,40,5,3,48,1,18
1159,2010,53,46,5,6,34,55
1158,2010,23,31,60,55,30,54
1157,2010,46,9,43,41,49,29
1156,2010,31,49,44,24,9,48
1155,2010,28,58,41,40,51,20
1154,2010,4,14,21,26,12,28
1153,2010,55,46,34,17,19,6
1152,2010,47,36,44,29,20,14
1151,2010,1,25,4,14,21,51
1150,2010,28,17,35,52,31,15
1149,2010,46,54,8,36,7,23
1148,2010,48,32,29,55,27,28
1147,2010,23,39,52,31,6,33
1146,2010,10,34,53,33,28,6
1145,2010,19,3,60,33,24,16
1144,2010,19,10,49,18,1,44
1143,2010,35,47,60,44,30,3
1142,2010,28,31,15,58,3,26
1141,2010,40,9,37,58,50,60
1140,2009,49,58,40,46,10,27
1139,2009,36,42,37,9,28,31
1138,2009,4,25,18,15,36,2
1137,2009,21,28,19,25,50,43
1136,2009,7,31,32,37,43,34
1135,2009,5,4,19,39,6,23
1134,2009,29,36,56,22,9,51
1133,2009,16,5,58,39,10,21
1132,2009,52,30,27,12,55,33
1131,2009,49,34,36,1,16,8
1130,2009,23,49,32,54,18,5
1129,2009,47,19,17,12,32,55
1128,2009,60,8,39,52,24,16
1127,2009,24,8,14,5,29,30
1126,2009,59,31,57,4,52,42
1125,2009,7,42,56,29,33,3
1124,2009,49,11,7,18,16,33
1123,2009,19,4,39,14,45,60
1122,2009,49,44,56,26,46,55
1121,2009,18,4,59,54,56,17
1120,2009,50,55,7,35,44,40
1119,2009,44,54,41,45,34,10
1118,2009,55,44,8,20,43,21
1117,2009,27,35,40,1,6,17
1116,2009,17,20,4,47,9,13
1115,2009,44,41,18,50,37,30
1114,2009,16,3,22,54,25,15
1113,2009,47,36,29,59,3,6
1112,2009,4,34,52,32,58,43
1111,2009,4,43,25,9,33,32
1110,2009,26,45,6,28,42,14
1109,2009,11,52,14,6,29,8
1108,2009,60,44,7,39,43,9
1107,2009,36,20,54,9,3,53
1106,2009,4,15,50,60,43,47
1105,2009,43,1,50,28,57,15
1104,2009,3,35,58,49,2,6
1103,2009,41,19,10,28,55,56
1102,2009,46,23,9,35,11,51
1101,2009,7,12,57,6,24,10
1100,2009,41,33,17,18,7,42
1099,2009,55,44,38,35,14,31
1098,2009,30,20,21,11,50,52
1097,2009,21,48,33,1,56,17
1096,2009,3,41,52,14,13,16
1095,2009,27,23,36,10,21,16
1094,2009,10,9,48,36,41,21
1093,2009,27,49,38,23,41,19
1092,2009,40,30,1,9,33,34
1091,2009,27,56,17,24,49,23
1090,2009,24,9,40,20,36,42
1089,2009,37,48,32,2,18,20
1088,2009,24,42,35,31,6,57
1087,2009,36,46,28,32,3,20
1086,2009,45,4,6,23,10,2
1085,2009,39,50,21,12,40,55
1084,2009,20,5,29,59,40,33
1083,2009,20,28,42,23,10,43
1082,2009,4,40,50,17,55,38
1081,2009,9,56,29,52,16,24
1080,2009,56,11,20,41,34,18
1079,2009,36,12,37,24,5,28
1078,2009,3,6,45,34,41,43
1077,2009,11,6,18,5,37,9
1076,2009,32,33,10,19,42,4
1075,2009,53,39,16,21,10,12
1074,2009,3,47,10,50,29,23
1073,2009,44,36,32,8,34,25
1072,2009,19,18,54,47,43,9
1071,2009,5,37,43,7,53,54
1070,2009,41,53,8,23,5,16
1069,2009,28,17,49,53,45,9
1068,2009,44,48,25,57,27,47
1067,2009,14,10,56,25,4,28
1066,2009,10,43,49,32,25,6
1065,2009,7,57,19,43,39,30
1064,2009,28,4,19,16,49,29
1063,2009,49,1,22,47,44,50
1062,2009,55,8,2,37,23,33
1061,2009,9,41,56,23,21,30
1060,2009,1,41,3,18,16,42
1059,2009,37,1,14,45,12,16
1058,2009,20,51,57,45,24,18
1057,2009,15,49,59,4,3,2
1056,2009,38,8,50,53,59,6
1055,2009,27,32,15,12,20,16
1054,2009,41,27,13,60,14,18
1053,2009,15,42,27,53,34,49
1052,2009,8,11,16,15,57,52
1051,2009,57,11,7,43,10,13
1050,2009,60,14,45,24,33,26
1049,2009,34,17,52,5,2,29
1048,2009,57,3,38,21,28,16
1047,2009,1,2,10,48,14,8
1046,2009,57,40,28,42,54,55
1045,2009,31,6,5,17,50,1
1044,2009,58,10,39,11,13,35
1043,2009,25,14,51,48,60,21
1042,2009,25,46,51,18,13,30
1041,2009,12,10,36,54,44,57
1040,2009,44,1,28,55,6,39
1039,2009,52,2,20,27,36,24
1038,2009,51,7,6,28,35,43
1037,2009,56,36,4,44,46,53
1036,2009,27,39,36,10,41,52
1035,2008,51,60,1,11,59,26
1034,2008,20,42,1,3,49,18
1033,2008,39,6,5,33,54,17
1032,2008,57,43,15,29,26,16
1031,2008,49,33,24,40,46,43
1030,2008,57,8,54,1,23,37
1029,2008,17,5,16,24,20,32
1028,2008,54,26,34,51,20,52
1027,2008,20,18,47,44,60,33
1026,2008,10,33,51,53,6,17
1025,2008,52,40,29,27,28,10
1024,2008,28,53,18,39,22,29
1023,2008,45,40,2,7,18,8
1022,2008,31,21,40,39,56,5
1021,2008,42,55,51,43,2,33
1020,2008,19,32,52,1,2,39
1019,2008,29,47,4,13,46,23
1018,2008,55,51,58,9,44,24
1017,2008,31,51,19,6,56,34
1016,2008,11,9,25,5,60,20
1015,2008,49,8,28,3,26,17
1014,2008,60,57,9,25,8,41
1013,2008,7,9,20,41,12,19
1012,2008,47,19,58,14,40,55
1011,2008,30,2,52,21,11,35
1010,2008,2,46,3,37,13,54
1009,2008,34,12,1,6,58,29
1008,2008,7,15,42,48,34,13
1007,2008,49,27,4,36,52,37
1006,2008,48,17,4,33,55,2
1005,2008,6,41,4,37,12,42
1004,2008,45,47,29,40,44,43
1003,2008,10,27,23,5,16,26
1002,2008,3,31,7,25,40,58
1001,2008,15,37,27,12,60,51
1000,2008,49,58,53,39,38,29
999,2008,44,36,55,58,18,24
998,2008,28,21,4,32,3,22
997,2008,18,53,55,32,9,17
996,2008,21,23,20,7,29,15
995,2008,4,54,55,36,16,31
994,2008,44,40,58,29,3,20
993,2008,26,25,42,60,5,24
992,2008,6,8,4,1,25,28
991,2008,8,38,60,41,15,9
990,2008,29,18,2,15,10,39
989,2008,38,21,27,2,29,32
988,2008,48,17,46,56,60,8
987,2008,47,27,13,31,34,58
986,2008,32,6,31,24,15,19
985,2008,4,56,18,59,46,16
984,2008,46,20,4,43,47,10
983,2008,38,45,40,16,32,22
982,2008,12,24,8,40,43,49
981,2008,8,41,53,1,58,34
980,2008,35,17,59,15,36,29
979,2008,28,3,39,51,31,15
978,2008,42,58,12,18,16,27
977,2008,17,3,9,32,7,5
976,2008,28,53,38,23,14,25
975,2008,33,9,37,40,41,30
974,2008,45,20,38,31,16,12
973,2008,53,36,8,30,1,47
972,2008,33,18,15,56,31,34
971,2008,4,14,33,44,11,45
970,2008,57,34,5,54,28,21
969,2008,56,35,50,13,41,25
968,2008,30,4,13,60,51,1
967,2008,18,14,57,30,13,5
966,2008,1,58,26,28,4,41
965,2008,36,39,57,58,5,30
964,2008,42,13,33,20,8,26
963,2008,37,17,15,50,48,59
962,2008,2,48,49,40,55,11
961,2008,16,53,2,4,21,36
960,2008,34,6,33,18,53,19
959,2008,57,3,5,11,33,39
958,2008,13,22,7,33,51,48
957,2008,50,32,25,34,57,24
956,2008,46,51,47,59,54,57
955,2008,35,5,32,21,33,12
954,2008,8,5,24,18,57,33
953,2008,55,48,1,39,16,42
952,2008,54,11,27,18,2,30
951,2008,49,24,39,34,55,14
950,2008,48,59,49,41,42,23
949,2008,44,1,51,52,41,23
948,2008,22,44,41,46,52,54
947,2008,33,11,3,58,14,5
946,2008,59,1,47,5,52,12
945,2008,44,8,59,54,4,27
944,2008,16,58,43,37,52,59
943,2008,47,41,58,3,23,12
942,2008,5,52,18,8,59,42
941,2008,11,15,10,27,60,53
940,2008,25,33,51,31,5,37
939,2008,6,23,19,50,37,49
938,2008,35,15,27,57,50,59
937,2008,22,41,2,30,21,52
936,2008,5,33,14,29,44,22
935,2008,7,45,18,13,29,31
934,2008,25,48,44,3,21,1
933,2008,25,39,45,51,8,14
932,2008,2,21,42,53,36,17
931,2007,17,34,7,36,39,19
930,2007,46,20,55,37,28,49
929,2007,16,49,35,39,57,27
928,2007,32,10,49,60,4,33
927,2007,36,26,31,23,19,33
926,2007,40,41,34,33,21,59
925,2007,52,37,46,8,22,36
924,2007,51,27,60,21,20,2
923,2007,53,39,2,50,57,15
922,2007,41,49,45,19,13,12
921,2007,35,41,1,57,9,48
920,2007,17,57,55,24,52,5
919,2007,43,25,41,60,31,3
918,2007,38,44,8,4,12,52
917,2007,23,59,25,47,46,30
916,2007,33,37,5,38,28,36
915,2007,20,28,49,26,17,48
914,2007,33,51,9,23,45,12
913,2007,30,14,59,36,46,38
912,2007,26,21,54,4,19,29
911,2007,49,46,1,29,6,28
910,2007,53,29,36,3,15,27
909,2007,42,17,26,38,28,22
908,2007,19,1,9,25,50,52
907,2007,9,41,53,37,36,51
906,2007,35,39,29,24,7,14
905,2007,4,15,57,55,2,16
904,2007,32,44,59,53,48,51
903,2007,17,5,32,55,20,41
902,2007,52,55,23,50,58,18
901,2007,32,34,16,13,56,33
900,2007,4,21,59,18,38,34
899,2007,58,18,54,36,53,20
898,2007,4,8,3,54,45,30
897,2007,21,57,46,22,7,43
896,2007,31,11,41,35,22,5
895,2007,2,55,41,43,57,58
894,2007,37,24,44,28,20,41
893,2007,56,53,51,26,18,3
892,2007,1,49,52,42,19,44
891,2007,15,22,19,35,34,16
890,2007,9,21,22,7,17,54
889,2007,34,54,20,39,60,24
888,2007,50,24,40,54,52,60
887,2007,44,12,32,21,1,34
886,2007,50,55,37,33,59,17
885,2007,13,4,31,33,47,51
884,2007,22,11,2,14,39,12
883,2007,21,37,60,32,52,53
882,2007,42,45,44,60,41,17
881,2007,43,24,4,51,18,56
880,2007,51,30,49,25,37,46
879,2007,29,10,46,35,42,28
878,2007,37,12,43,38,11,54
877,2007,13,15,20,31,28,36
876,2007,4,12,41,45,60,8
875,2007,53,18,36,58,24,20
874,2007,59,20,52,42,44,10
873,2007,57,59,4,34,19,30
872,2007,18,55,58,43,31,5
871,2007,17,5,58,1,47,10
870,2007,52,8,43,34,40,21
869,2007,29,42,50,51,49,27
868,2007,57,51,21,22,25,40
867,2007,54,26,28,19,44,10
866,2007,36,48,27,40,5,46
865,2007,27,23,41,51,26,53
864,2007,31,11,33,42,57,8
863,2007,32,53,50,57,15,24
862,2007,19,35,12,2,11,8
861,2007,42,40,60,59,47,39
860,2007,22,8,17,42,44,2
859,2007,46,47,12,57,34,9
858,2007,31,37,54,23,4,18
857,2007,17,59,49,2,3,50
856,2007,11,40,41,47,15,42
855,2007,42,3,24,53,43,31
854,2007,17,3,24,27,44,25
853,2007,51,30,59,46,38,56
852,2007,14,38,6,23,44,34
851,2007,16,32,35,58,19,3
850,2007,60,22,59,25,44,7
849,2007,8,39,9,58,44,49
848,2007,56,34,17,32,47,27
847,2007,42,14,44,27,15,48
846,2007,47,54,2,50,3,44
845,2007,40,48,19,20,14,52
844,2007,54,24,44,57,34,16
843,2007,34,48,1,16,45,36
842,2007,51,44,60,9,7,30
841,2007,36,51,32,22,38,7
840,2007,43,29,35,59,31,17
839,2007,11,18,8,7,37,43
838,2007,9,30,47,38,23,44
837,2007,16,5,24,34,6,60
836,2007,28,22,38,17,52,59
835,2007,58,31,57,49,33,18
834,2007,44,10,17,16,51,34
833,2007,53,58,57,16,46,13
832,2007,17,49,15,33,39,23
831,2007,3,50,48,42,32,33
830,2007,53,51,2,41,13,49
829,2006,32,50,14,47,10,56
828,2006,23,50,53,42,28,38
827,2006,24,56,30,51,42,18
826,2006,45,6,8,7,53,27
825,2006,28,21,40,10,41,47
824,2006,33,48,6,7,20,9
823,2006,15,26,59,1,54,51
822,2006,4,17,41,10,27,52
821,2006,4,29,38,36,33,42
820,2006,17,45,32,21,10,46
819,2006,51,5,58,46,25,19
818,2006,44,41,22,8,9,25
817,2006,34,43,29,30,10,52
816,2006,21,47,40,52,30,20
815,2006,57,50,9,39,37,19
814,2006,11,2,46,50,8,41
813,2006,23,15,56,46,9,45
812,2006,57,39,54,11,38,13
811,2006,32,57,28,41,10,47
810,2006,4,33,1,48,5,37
809,2006,25,23,11,5,30,15
808,2006,15,21,31,46,2,57
807,2006,8,27,2,32,56,49
806,2006,60,41,47,26,35,18
805,2006,30,2,48,60,43,36
804,2006,13,59,37,56,3,47
803,2006,10,57,28,3,5,21
802,2006,14,24,60,6,18,48
801,2006,20,22,11,19,48,42
800,2006,1,7,56,11,37,38
799,2006,29,35,19,57,42,55
798,2006,32,9,4,52,29,3
797,2006,58,48,52,47,12,6
796,2006,19,24,43,34,39,5
795,2006,14,36,21,29,26,48
794,2006,56,47,55,38,42,3
793,2006,3,51,33,15,16,57
792,2006,43,56,9,45,29,34
791,2006,42,35,19,9,14,58
790,2006,22,2,19,28,43,6
789,2006,60,39,31,38,6,50
788,2006,31,57,17,19,29,44
787,2006,37,31,20,60,34,54
786,2006,27,31,26,11,10,41
785,2006,35,5,37,8,48,17
784,2006,42,56,8,37,27,53
783,2006,43,21,48,8,4,32
782,2006,11,23,59,42,35,2
781,2006,10,54,8,39,56,13
780,2006,10,50,28,51,59,7
779,2006,36,54,52,25,29,26
778,2006,45,20,36,37,31,51
777,2006,14,50,23,2,28,56
776,2006,57,35,60,41,3,15
775,2006,27,12,46,47,42,50
774,2006,37,5,54,58,46,10
773,2006,3,5,51,29,34,14
772,2006,38,51,52,60,10,35
771,2006,29,46,34,47,21,14
770,2006,4,34,25,35,48,12
769,2006,20,21,50,29,12,16
768,2006,33,37,59,30,4,8
767,2006,22,50,32,38,54,15
766,2006,1,50,19,42,24,58
765,2006,3,37,50,16,30,10
764,2006,7,3,55,47,53,45
763,2006,40,47,1,48,9,26
762,2006,39,9,21,12,37,54
761,2006,56,29,17,13,27,40
760,2006,12,17,60,44,46,45
759,2006,59,39,30,31,48,45
758,2006,47,59,1,23,36,43
757,2006,17,32,12,18,58,30
756,2006,37,50,41,5,38,27
755,2006,59,30,47,12,4,49
754,2006,4,42,34,50,3,13
753,2006,59,35,43,22,7,2
752,2006,25,4,29,42,24,23
751,2006,4,25,38,50,20,7
750,2006,58,17,54,10,42,33
749,2006,24,47,4,57,48,50
748,2006,1,7,19,51,35,2
747,2006,21,23,56,12,3,2
746,2006,49,12,10,57,25,1
745,2006,21,57,37,16,43,2
744,2006,26,46,12,23,39,4
743,2006,54,20,32,60,25,23
742,2006,34,17,7,41,2,50
741,2006,26,39,27,24,59,36
740,2006,29,47,12,50,16,28
739,2006,6,45,56,49,35,10
738,2006,15,30,14,42,26,54
737,2006,33,12,24,38,11,32
736,2006,1,21,38,41,56,49
735,2006,40,42,15,52,38,9
734,2006,44,45,27,29,43,54
733,2006,12,26,31,43,46,2
732,2006,49,19,53,50,17,6
731,2006,35,6,15,23,28,16
730,2006,45,15,2,54,16,50
729,2006,33,56,18,57,43,5
728,2006,44,42,13,8,24,32
727,2006,14,42,12,4,59,30
726,2006,40,47,1,5,7,37
725,2005,49,9,3,35,37,41
724,2005,34,51,55,17,48,27
723,2005,16,6,52,1,36,50
722,2005,60,36,57,18,44,9
721,2005,14,3,23,55,36,25
720,2005,12,56,44,51,31,54
719,2005,39,47,37,53,32,3
718,2005,7,35,21,39,58,33
717,2005,28,35,41,17,6,23
716,2005,29,2,7,50,16,32
715,2005,54,36,12,4,33,24
714,2005,17,53,39,8,7,35
713,2005,46,1,26,16,12,54
712,2005,35,7,53,58,8,43
711,2005,10,5,41,59,40,33
710,2005,46,25,5,49,39,34
709,2005,29,22,44,9,6,4
708,2005,45,13,39,47,9,7
707,2005,51,8,1,43,10,36
706,2005,22,10,17,7,2,60
705,2005,3,15,11,13,26,43
704,2005,2,27,50,34,18,4
703,2005,30,24,2,45,11,27
702,2005,1,56,18,58,45,57
701,2005,13,1,31,23,60,48
700,2005,2,3,24,40,31,14
699,2005,53,17,50,23,54,48
698,2005,22,8,27,43,55,12
697,2005,53,35,32,31,28,51
696,2005,37,16,34,57,53,9
695,2005,13,40,21,52,6,11
694,2005,15,19,29,53,37,41
693,2005,14,50,41,17,31,13
692,2005,33,18,60,11,58,57
691,2005,55,16,58,8,37,50
690,2005,15,41,8,47,12,53
689,2005,6,60,7,31,49,51
688,2005,47,30,52,11,21,35
687,2005,59,48,1,7,41,14
686,2005,33,5,4,54,15,26
685,2005,33,27,5,56,12,43
684,2005,50,37,33,40,19,17
683,2005,43,40,12,11,2,35
682,2005,60,37,47,36,4,27
681,2005,59,21,53,25,58,38
680,2005,44,2,26,5,3,22
679,2005,37,21,54,3,58,25
678,2005,44,46,31,14,40,42
677,2005,25,10,48,8,32,55
676,2005,49,32,15,9,41,42
675,2005,50,42,30,25,43,24
674,2005,22,32,18,29,42,38
673,2005,6,40,37,11,20,34
672,2005,43,34,53,38,28,24
671,2005,27,16,39,51,9,38
670,2005,42,59,58,37,48,22
669,2005,7,41,24,40,49,27
668,2005,49,33,56,2,14,1
667,2005,5,23,16,4,49,1
666,2005,7,26,16,29,45,55
665,2005,8,47,7,48,25,18
664,2005,12,1,55,59,38,36
663,2005,1,49,30,55,27,51
662,2005,4,60,56,25,18,23
661,2005,42,40,27,4,55,36
660,2005,53,5,38,54,46,11
659,2005,14,29,40,34,51,52
658,2005,41,20,36,3,11,6
657,2005,20,59,58,33,60,16
656,2005,59,37,46,36,35,51
655,2005,26,39,1,37,43,48
654,2005,10,11,56,40,41,6
653,2005,31,24,19,34,9,5
652,2005,24,18,57,56,10,20
651,2005,39,45,28,26,48,60
650,2005,53,59,25,29,10,24
649,2005,9,54,41,48,33,24
648,2005,5,48,23,42,45,29
647,2005,56,19,11,14,12,54
646,2005,13,47,60,32,49,10
645,2005,52,48,24,53,54,3
644,2005,57,29,31,27,34,14
643,2005,14,45,24,37,40,42
642,2005,51,17,56,36,44,40
641,2005,17,13,33,9,1,34
640,2005,12,42,59,46,19,60
639,2005,51,39,35,60,45,13
638,2005,42,10,50,41,11,36
637,2005,52,58,43,48,11,18
636,2005,30,32,34,50,28,26
635,2005,49,42,37,8,20,26
634,2005,13,41,24,42,10,56
633,2005,27,46,5,50,11,22
632,2005,2,54,48,51,19,28
631,2005,1,28,47,20,44,32
630,2005,16,53,20,60,12,45
629,2005,40,47,39,16,51,15
628,2005,8,16,22,56,58,30
627,2004,19,13,45,58,56,1
626,2004,49,8,22,18,7,39
625,2004,59,12,32,42,24,40
624,2004,39,23,34,52,8,43
623,2004,42,23,55,30,9,49
622,2004,59,27,19,29,50,38
621,2004,29,31,50,26,57,49
620,2004,22,1,29,13,32,3
619,2004,16,12,46,14,8,19
618,2004,60,10,3,8,24,13
617,2004,25,5,49,36,33,3
616,2004,24,16,26,54,12,2
615,2004,27,31,8,10,51,5
614,2004,60,31,12,48,57,16
613,2004,54,55,13,44,6,19
612,2004,55,33,15,50,53,18
611,2004,22,21,33,16,48,49
610,2004,25,49,30,43,47,45
609,2004,15,2,59,60,6,58
608,2004,30,6,37,19,24,13
607,2004,6,59,11,27,19,41
606,2004,41,6,23,55,32,35
605,2004,44,52,53,4,49,24
604,2004,41,49,51,25,15,46
603,2004,4,8,11,29,12,44
602,2004,38,60,13,7,55,46
601,2004,37,19,29,30,10,22
600,2004,18,39,54,34,31,16
599,2004,6,45,51,9,23,4
598,2004,5,16,53,38,50,34
597,2004,42,40,27,22,56,29
596,2004,43,60,28,11,54,14
595,2004,54,2,43,1,50,25
594,2004,10,53,55,29,13,47
593,2004,27,29,1,59,25,49
592,2004,55,14,59,47,13,42
591,2004,58,3,18,50,34,1
590,2004,25,51,5,18,4,28
589,2004,13,7,33,59,6,8
588,2004,45,13,46,55,53,11
587,2004,30,2,36,18,60,29
586,2004,45,38,13,11,54,39
585,2004,24,39,12,33,57,36
584,2004,30,53,23,7,32,8
583,2004,55,6,41,20,43,7
582,2004,13,40,29,59,45,51
581,2004,30,25,52,14,39,17
580,2004,38,16,18,28,15,47
579,2004,15,34,39,17,4,9
578,2004,48,3,58,18,56,23
577,2004,31,47,28,23,8,24
576,2004,18,43,52,39,7,8
575,2004,18,29,21,48,35,5
574,2004,32,23,2,10,44,17
573,2004,59,29,17,6,40,22
572,2004,33,3,20,60,9,16
571,2004,14,31,12,13,51,50
570,2004,35,32,36,33,51,15
569,2004,32,15,14,9,3,57
568,2004,25,41,17,29,13,22
567,2004,57,58,11,38,41,31
566,2004,17,6,20,18,13,37
565,2004,31,37,35,7,45,34
564,2004,38,13,32,20,10,49
563,2004,34,8,23,44,51,5
562,2004,37,35,23,16,57,55
561,2004,39,49,36,20,55,1
560,2004,32,18,11,30,2,58
559,2004,53,25,36,13,17,6
558,2004,59,57,7,58,31,14
557,2004,18,49,38,23,8,12
556,2004,8,45,30,33,17,10
555,2004,49,5,23,33,45,31
554,2004,47,29,31,15,60,42
553,2004,43,46,58,53,54,4
552,2004,22,54,52,47,49,9
551,2004,56,48,57,21,12,46
550,2004,17,56,16,38,39,45
549,2004,13,51,58,22,46,8
548,2004,51,49,14,47,59,58
547,2004,4,59,13,53,28,30
546,2004,46,4,54,17,13,5
545,2004,43,35,57,29,40,17
544,2004,11,33,56,47,17,34
543,2004,35,54,37,42,49,46
542,2004,49,4,19,28,35,6
541,2004,58,57,27,13,49,52
540,2004,22,4,30,44,28,49
539,2004,16,50,55,6,47,19
538,2004,45,43,56,25,52,3
537,2004,37,3,19,34,39,7
536,2004,14,22,25,15,37,23
535,2004,49,14,47,56,6,28
534,2004,48,57,23,8,31,3
533,2004,27,18,13,59,21,53
532,2004,13,4,12,53,9,52
531,2004,3,1,35,7,18,50
530,2004,32,21,25,1,6,49
529,2004,56,45,13,33,38,1
528,2004,34,28,37,12,8,31
527,2004,17,14,50,52,6,26
526,2004,3,59,21,36,55,31
525,2003,26,32,24,49,8,10
524,2003,47,29,34,48,19,41
523,2003,45,58,40,39,28,44
522,2003,49,52,15,25,14,6
521,2003,28,32,38,25,15,45
520,2003,32,34,17,35,9,12
519,2003,9,36,15,19,42,22
518,2003,44,8,5,15,18,10
517,2003,51,32,8,28,38,7
516,2003,24,5,34,13,35,33
515,2003,39,16,57,15,45,48
514,2003,15,52,40,36,51,42
513,2003,46,10,27,19,33,39
512,2003,8,40,58,4,53,31
511,2003,8,36,34,37,3,4
510,2003,30,45,58,1,4,41
509,2003,32,55,34,35,28,33
508,2003,46,56,5,15,45,10
507,2003,44,58,5,27,33,3
506,2003,31,37,34,15,38,4
505,2003,47,20,52,3,46,28
504,2003,39,19,11,8,50,30
503,2003,10,21,48,27,49,7
502,2003,50,7,33,21,24,13
501,2003,34,27,56,28,16,39
500,2003,35,21,54,29,38,36
499,2003,59,1,11,5,44,4
498,2003,49,28,2,6,57,50
497,2003,9,41,32,13,58,20
496,2003,41,20,19,29,59,10
495,2003,36,15,60,8,29,49
494,2003,28,32,49,53,18,20
493,2003,54,20,3,18,42,24
492,2003,57,2,15,6,56,18
491,2003,22,43,15,55,9,1
490,2003,5,11,29,54,23,58
489,2003,28,36,17,53,33,59
488,2003,30,39,35,43,15,57
487,2003,25,22,48,52,54,8
486,2003,50,42,19,8,30,14
485,2003,38,28,52,30,19,57
484,2003,53,19,38,18,17,49
483,2003,16,23,35,18,44,59
482,2003,13,56,12,33,53,54
481,2003,42,6,24,44,22,13
480,2003,36,38,33,14,49,41
479,2003,20,54,58,26,41,46
478,2003,30,8,31,3,21,25
477,2003,47,34,8,6,18,38
476,2003,38,43,20,55,17,58
475,2003,19,6,43,52,8,22
474,2003,34,3,12,50,32,40
473,2003,51,7,58,49,23,41
472,2003,12,3,38,29,51,4
471,2003,51,59,31,5,36,32
470,2003,51,58,23,11,8,37
469,2003,29,47,42,21,13,26
468,2003,23,6,25,39,51,5
467,2003,38,21,8,22,18,60
466,2003,28,16,45,29,30,11
465,2003,46,31,1,57,22,51
464,2003,6,33,45,38,24,50
463,2003,7,18,2,45,3,53
462,2003,27,48,17,19,26,22
461,2003,30,17,20,29,15,60
460,2003,19,55,30,23,37,49
459,2003,43,17,8,15,49,39
458,2003,43,53,13,32,34,24
457,2003,48,15,24,27,17,32
456,2003,17,40,22,27,33,3
455,2003,50,15,17,2,14,59
454,2003,4,17,42,56,46,24
453,2003,58,52,8,34,20,23
452,2003,54,11,51,16,36,30
451,2003,23,18,31,17,53,28
450,2003,59,51,13,1,9,50
449,2003,34,56,24,1,49,8
448,2003,5,3,52,45,9,51
447,2003,24,55,15,33,25,42
446,2003,11,20,8,47,12,17
445,2003,31,50,7,53,32,20
444,2003,48,52,57,24,3,33
443,2003,11,36,17,26,52,48
442,2003,15,31,23,6,59,37
441,2003,2,15,58,10,59,21
440,2003,46,23,30,47,5,3
439,2003,42,13,20,29,43,57
438,2003,38,48,14,3,11,5
437,2003,54,10,59,44,30,7
436,2003,1,6,57,29,48,7
435,2003,37,11,17,31,43,10
434,2003,24,17,4,54,30,10
433,2003,36,17,28,16,54,30
432,2003,50,17,13,27,4,39
431,2003,58,26,40,37,47,52
430,2003,50,21,10,25,38,8
429,2003,55,32,17,36,26,43
428,2003,60,8,32,28,46,30
427,2003,51,13,43,24,3,14
426,2003,7,32,54,50,30,37
425,2002,6,16,10,34,47,42
424,2002,29,36,27,18,59,46
423,2002,8,22,33,40,32,53
422,2002,60,12,56,37,55,43
421,2002,38,45,35,37,5,51
420,2002,43,12,59,30,57,29
419,2002,41,42,52,53,16,9
418,2002,45,8,32,49,15,52
417,2002,25,7,12,21,42,34
416,2002,13,1,23,56,54,33
415,2002,38,44,4,1,27,42
414,2002,35,26,58,52,45,16
413,2002,35,53,29,33,2,4
412,2002,45,5,14,21,59,12
411,2002,10,56,12,31,45,38
410,2002,31,55,36,24,8,38
409,2002,26,49,25,18,31,34
408,2002,49,44,33,28,56,14
407,2002,49,2,18,51,22,57
406,2002,47,32,48,12,38,2
405,2002,57,60,34,24,29,47
404,2002,24,38,58,1,40,28
403,2002,46,31,7,16,60,27
402,2002,27,43,58,5,16,56
401,2002,50,18,44,53,11,43
400,2002,29,59,13,10,54,28
399,2002,59,55,16,27,47,11
398,2002,28,7,16,37,36,22
397,2002,32,24,2,5,1,46
396,2002,47,18,6,45,34,42
395,2002,11,58,31,14,10,20
394,2002,15,49,42,5,45,35
393,2002,12,50,36,6,35,40
392,2002,49,47,39,31,15,23
391,2002,7,15,35,16,40,4
390,2002,7,22,34,12,38,53
389,2002,46,14,54,18,43,5
388,2002,52,48,53,58,23,36
387,2002,29,28,48,47,43,22
386,2002,39,54,43,36,17,35
385,2002,22,12,24,18,5,16
384,2002,28,50,47,24,40,52
383,2002,48,22,53,56,50,14
382,2002,54,38,53,31,37,34
381,2002,9,56,46,28,10,55
380,2002,47,22,13,30,31,57
379,2002,41,55,24,59,33,40
378,2002,55,45,48,41,5,38
377,2002,46,19,3,45,12,27
376,2002,25,13,10,43,35,48
375,2002,51,9,42,5,58,1
374,2002,54,2,26,5,44,16
373,2002,31,33,24,10,5,1
372,2002,24,17,46,57,16,39
371,2002,23,33,39,4,60,18
370,2002,51,42,4,54,1,40
369,2002,21,42,1,60,35,14
368,2002,13,50,38,32,44,29
367,2002,52,49,27,33,12,10
366,2002,6,4,51,7,21,15
365,2002,52,19,34,37,58,23
364,2002,59,44,29,5,51,57
363,2002,39,54,29,49,47,19
362,2002,37,20,33,46,7,56
361,2002,41,28,45,31,16,59
360,2002,47,24,29,55,53,23
359,2002,31,54,20,29,13,19
358,2002,40,42,32,12,21,17
357,2002,45,53,32,2,30,35
356,2002,54,19,5,58,56,21
355,2002,2,37,22,60,14,23
354,2002,40,52,38,16,7,41
353,2002,60,46,30,55,23,19
352,2002,49,7,47,25,20,44
351,2002,15,16,59,60,24,41
350,2002,23,30,43,10,15,57
349,2002,9,38,32,8,54,28
348,2002,39,40,33,52,19,30
347,2002,26,10,52,1,12,48
346,2002,56,7,46,60,41,12
345,2002,56,11,58,46,51,22
344,2002,33,36,12,35,10,14
343,2002,4,6,7,24,12,41
342,2002,29,49,54,51,16,34
341,2002,56,23,22,43,16,5
340,2002,10,60,42,9,33,12
339,2002,13,16,12,5,27,50
338,2002,48,46,9,1,36,4
337,2002,31,52,14,54,16,4
336,2002,2,18,54,22,30,26
335,2002,43,33,57,23,59,7
334,2002,41,26,51,14,24,23
333,2002,35,27,53,44,52,4
332,2002,28,23,42,29,44,34
331,2002,27,1,35,20,37,13
330,2002,2,4,23,37,14,51
329,2002,24,11,40,12,35,10
328,2002,51,5,23,7,14,21
327,2002,46,38,29,33,32,48
326,2002,52,23,40,51,44,21
325,2001,4,23,3,1,21,53
324,2001,22,8,30,15,47,25
323,2001,31,49,54,33,26,40
322,2001,18,11,29,44,47,56
321,2001,11,31,32,48,49,4
320,2001,20,53,47,50,22,27
319,2001,12,16,23,17,19,48
318,2001,19,53,40,3,31,20
317,2001,27,20,48,16,30,35
316,2001,28,51,56,6,24,43
315,2001,50,21,43,12,28,22
314,2001,5,32,40,58,37,34
313,2001,14,38,53,24,16,37
312,2001,14,30,50,41,47,23
311,2001,32,22,24,41,30,38
310,2001,28,14,29,2,31,32
309,2001,39,50,25,55,11,4
308,2001,55,25,4,11,29,39
307,2001,26,17,13,41,16,44
306,2001,30,19,57,41,56,47
305,2001,11,5,27,60,38,53
304,2001,42,7,11,34,59,41
303,2001,7,13,30,37,47,17
302,2001,25,40,12,60,30,41
301,2001,58,26,49,57,48,9
300,2001,27,57,41,38,28,24
299,2001,7,5,2,53,33,49
298,2001,22,34,24,23,5,60
297,2001,20,28,41,1,33,36
296,2001,20,51,42,3,52,46
295,2001,24,44,7,31,12,50
294,2001,28,45,41,22,57,25
293,2001,6,12,35,5,28,7
292,2001,24,34,53,45,23,13
291,2001,22,16,5,41,18,17
290,2001,57,30,7,25,40,26
289,2001,36,6,30,20,7,25
288,2001,50,9,18,11,6,17
287,2001,60,47,3,33,25,13
286,2001,44,37,56,29,47,35
285,2001,50,56,41,12,32,37
284,2001,8,36,14,32,30,7
283,2001,48,34,28,54,25,42
282,2001,33,24,36,9,14,23
281,2001,11,5,47,31,53,38
280,2001,5,16,30,25,58,20
279,2001,31,59,4,58,23,47
278,2001,22,10,18,55,15,31
277,2001,40,26,38,4,56,52
276,2001,53,59,39,45,22,57
275,2001,16,30,19,38,48,37
274,2001,11,39,47,18,13,26
273,2001,47,52,10,27,23,17
272,2001,36,58,9,10,56,24
271,2001,14,31,54,29,26,24
270,2001,45,27,35,40,5,9
269,2001,19,18,52,25,17,49
268,2001,21,10,47,6,5,33
267,2001,58,1,45,55,8,46
266,2001,38,54,48,23,2,46
265,2001,7,50,53,16,41,34
264,2001,5,25,31,13,1,33
263,2001,8,50,26,9,53,43
262,2001,53,60,48,20,58,11
261,2001,5,54,20,56,30,16
260,2001,43,4,60,59,6,33
259,2001,20,43,33,13,15,58
258,2001,12,60,54,7,55,50
257,2001,28,5,1,34,4,19
256,2001,21,52,34,26,2,32
255,2001,32,44,55,19,20,16
254,2001,4,30,56,21,22,1
253,2001,12,11,56,44,24,37
252,2000,17,54,4,51,32,26
251,2000,34,15,23,55,49,30
250,2000,55,25,41,42,43,7
249,2000,21,55,54,40,36,49
248,2000,56,16,34,41,35,32
247,2000,34,3,30,10,23,46
246,2000,2,57,32,43,16,37
245,2000,44,51,27,53,8,60
244,2000,19,60,50,24,47,33
243,2000,20,47,23,32,16,11
242,2000,22,7,4,21,28,56
241,2000,11,57,40,35,56,31
240,2000,59,28,25,41,57,38
239,2000,33,21,44,46,47,6
238,2000,15,9,41,13,37,42
237,2000,36,7,45,31,56,57
236,2000,10,52,50,57,25,60
235,2000,29,41,55,2,31,22
234,2000,15,45,54,25,42,41
233,2000,45,3,24,36,7,32
232,2000,29,19,41,22,37,59
231,2000,16,59,27,42,44,36
230,2000,56,44,41,40,8,53
229,2000,39,45,11,21,33,13
228,2000,16,40,45,59,43,13
227,2000,37,26,27,42,11,48
226,2000,2,50,59,38,49,1
225,2000,21,16,4,37,2,58
224,2000,20,16,18,7,44,21
223,2000,28,24,22,2,58,6
222,2000,5,48,30,55,52,19
221,2000,54,13,58,43,50,27
220,2000,36,53,55,13,60,14
219,2000,26,23,49,28,42,36
218,2000,54,40,42,17,47,12
217,2000,27,32,3,51,49,45
216,2000,35,42,59,18,30,14
215,2000,7,58,28,53,37,46
214,2000,30,12,6,50,35,31
213,2000,3,30,9,35,23,32
212,2000,29,57,15,45,59,6
211,2000,10,20,40,45,50,33
210,2000,37,58,20,38,48,32
209,2000,13,52,32,41,21,26
208,2000,23,15,57,24,47,25
207,2000,19,7,3,55,24,53
206,2000,20,26,56,18,34,51
205,2000,26,32,54,43,46,40
204,2000,31,41,51,39,58,29
203,2000,11,55,44,19,29,47
202,2000,49,53,44,12,24,45
201,2000,55,22,5,30,35,20
200,1999,12,15,44,34,51,19
199,1999,52,37,57,16,10,50
198,1999,40,23,1,18,35,8
197,1999,19,52,29,15,12,5
196,1999,32,17,9,14,24,7
195,1999,17,3,44,37,9,32
194,1999,32,42,43,25,28,33
193,1999,12,4,11,49,43,19
192,1999,1,60,26,41,28,54
191,1999,58,5,41,3,1,23
190,1999,32,40,42,21,10,5
189,1999,41,53,38,4,31,15
188,1999,34,42,43,46,27,17
187,1999,6,44,58,41,36,48
186,1999,24,26,51,25,14,23
185,1999,59,17,22,46,43,55
184,1999,9,60,21,16,41,34
183,1999,16,11,7,40,44,2
182,1999,46,60,5,10,28,3
181,1999,33,1,55,35,51,27
180,1999,39,6,29,60,51,23
179,1999,6,53,5,26,27,23
178,1999,5,27,19,26,15,33
177,1999,35,22,39,41,59,38
176,1999,28,4,1,45,53,3
175,1999,10,20,13,1,42,50
174,1999,11,52,22,23,36,59
173,1999,29,28,49,17,42,50
172,1999,49,36,14,26,35,10
171,1999,54,27,4,43,40,46
170,1999,7,51,55,41,58,46
169,1999,52,51,37,13,21,1
168,1999,45,2,35,9,50,31
167,1999,1,38,48,28,11,33
166,1999,60,57,59,13,12,22
165,1999,39,56,19,23,10,35
164,1999,4,19,14,10,44,28
163,1999,41,56,27,36,53,8
162,1999,23,33,51,38,48,21
161,1999,25,37,30,39,6,41
160,1999,13,42,52,58,2,54
159,1999,16,9,50,58,11,35
158,1999,58,43,51,14,17,4
157,1999,17,13,4,44,41,21
156,1999,52,23,42,17,55,49
155,1999,12,32,44,43,35,30
154,1999,8,10,24,33,45,48
153,1999,47,2,31,42,45,30
152,1999,12,5,15,51,58,29
151,1999,3,43,16,56,52,20
150,1999,50,44,12,55,52,54
149,1999,11,45,48,7,28,20
148,1998,32,55,59,41,58,35
147,1998,24,6,38,23,28,16
146,1998,51,34,25,60,42,32
145,1998,43,15,41,51,16,31
144,1998,8,32,44,36,45,55
143,1998,40,18,6,20,50,53
142,1998,20,59,19,54,15,8
141,1998,10,22,42,13,41,58
140,1998,55,31,46,44,41,7
139,1998,26,27,13,42,41,3
138,1998,41,14,37,5,40,27
137,1998,26,15,16,22,19,49
136,1998,17,25,45,38,1,59
135,1998,35,40,21,59,53,22
134,1998,60,32,25,36,52,4
133,1998,19,57,6,39,34,5
132,1998,44,35,50,41,9,7
131,1998,30,9,17,27,4,44
130,1998,13,42,38,49,53,29
129,1998,46,54,10,9,1,32
128,1998,23,43,3,21,9,18
127,1998,59,21,51,54,29,50
126,1998,32,28,6,10,11,40
125,1998,56,47,25,59,53,41
124,1998,52,5,34,57,15,41
123,1998,13,42,16,32,14,26
122,1998,20,43,39,11,53,17
121,1998,53,41,44,2,29,55
120,1998,46,45,16,40,27,3
119,1998,47,21,1,50,36,38
118,1998,22,57,37,9,25,56
117,1998,53,42,27,20,33,25
116,1998,36,42,32,5,13,51
115,1998,6,14,24,20,4,38
114,1998,47,54,18,6,12,37
113,1998,34,54,26,28,55,7
112,1998,37,43,34,20,12,42
111,1998,52,32,4,33,25,22
110,1998,57,58,18,31,43,52
109,1998,54,13,44,49,48,1
108,1998,60,29,34,24,21,59
107,1998,2,24,52,4,16,51
106,1998,24,16,38,5,39,35
105,1998,3,13,31,43,46,49
104,1998,13,1,38,21,52,4
103,1998,9,1,57,7,54,49
102,1998,44,42,37,56,19,20
101,1998,39,1,37,31,29,18
100,1998,46,48,30,14,29,51
99,1998,30,33,24,11,46,60
98,1998,43,33,14,31,35,13
97,1998,56,53,11,14,5,35
96,1998,4,42,58,26,7,40
95,1997,46,60,6,40,50,45
94,1997,28,51,55,18,52,8
93,1997,22,53,31,28,2,36
92,1997,5,23,51,3,1,24
91,1997,60,4,10,35,39,2
90,1997,21,26,40,54,9,52
89,1997,59,42,34,13,44,55
88,1997,45,37,29,4,43,18
87,1997,40,4,28,32,11,5
86,1997,54,21,6,34,36,22
85,1997,47,15,30,37,45,6
84,1997,10,34,4,6,25,40
83,1997,24,16,4,42,57,15
82,1997,51,36,53,29,18,15
81,1997,47,41,10,60,54,23
80,1997,51,40,37,23,48,28
79,1997,43,25,2,13,31,17
78,1997,22,32,46,12,25,31
77,1997,29,54,40,57,49,21
76,1997,33,18,23,8,17,53
75,1997,36,49,37,35,24,21
74,1997,2,24,34,50,38,37
73,1997,57,25,45,28,51,26
72,1997,19,48,43,1,34,44
71,1997,53,16,45,43,33,27
70,1997,40,17,23,43,27,58
69,1997,56,58,34,53,25,45
68,1997,53,13,3,1,12,59
67,1997,47,14,27,52,17,12
66,1997,15,26,12,33,48,13
65,1997,20,1,5,32,25,34
64,1997,8,54,50,60,23,12
63,1997,26,9,41,49,25,40
62,1997,52,13,6,24,8,31
61,1997,59,8,18,29,42,44
60,1997,38,14,21,15,3,20
59,1997,28,13,34,2,8,54
58,1997,30,49,27,37,12,44
57,1997,27,17,16,34,7,59
56,1997,51,35,59,7,20,2
55,1997,29,2,14,38,23,52
54,1997,5,21,9,56,18,36
53,1997,42,13,3,46,38,16
52,1997,58,15,59,30,38,46
51,1997,23,24,42,25,17,47
50,1997,57,44,21,16,58,6
49,1997,33,7,43,35,13,55
48,1997,47,5,34,28,2,50
47,1997,35,17,3,48,25,56
46,1997,32,46,1,60,24,23
45,1997,30,7,37,55,44,53
44,1997,47,38,18,14,29,44
43,1996,2,58,25,6,26,17
42,1996,24,36,19,33,7,11
41,1996,38,26,35,39,12,47
40,1996,3,12,46,5,47,8
39,1996,16,37,45,52,56,12
38,1996,55,42,10,43,45,54
37,1996,22,6,7,52,38,60
36,1996,13,3,51,17,29,25
35,1996,21,57,16,23,54,4
34,1996,15,13,57,53,40,17
33,1996,5,33,49,17,42,39
32,1996,43,33,14,36,5,44
31,1996,56,19,28,48,17,45
30,1996,38,50,7,29,15,14
29,1996,14,56,58,8,43,3
28,1996,60,6,22,3,24,54
27,1996,44,33,13,51,17,20
26,1996,50,53,57,10,58,22
25,1996,56,50,55,54,24,43
24,1996,1,8,14,28,33,43
23,1996,17,52,51,59,39,37
22,1996,9,38,56,1,31,46
21,1996,49,46,6,53,33,36
20,1996,25,28,30,33,51,11
19,1996,5,25,12,10,60,24
18,1996,37,36,56,27,42,23
17,1996,10,20,6,19,51,13
16,1996,60,58,49,32,20,34
15,1996,60,12,33,52,35,51
14,1996,16,2,27,47,23,53
13,1996,47,32,50,54,18,56
12,1996,20,27,43,16,19,4
11,1996,25,15,58,37,59,38
10,1996,25,4,18,57,21,38
9,1996,55,43,56,54,8,60
8,1996,53,17,38,4,47,37
7,1996,56,38,21,20,3,5
6,1996,19,40,7,13,22,47
5,1996,1,19,46,6,16,2
4,1996,6,59,42,27,1,5
3,1996,36,30,10,11,29,47
2,1996,9,39,37,49,43,41
1,1996,41,5,4,52,30,33